,Image,Accuracy,F1,Jaccard,Recall,Precision
0,IMG_3496bfree_pMLnY9FjRH_0,0.9684371948242188,0.9404448283308141,0.8875845765060733,0.9102030011285581,0.9727653111365904
1,active-cold-female-girl-41371_0,0.9789619445800781,0.9482844309411952,0.9016548379043475,0.9257401270620114,0.9719541732344008
2,adult-black-body-costume-41944_0,0.995208740234375,0.9907483794932234,0.9816663747299585,0.99373485430581,0.9877798014217731
3,adult-caucasian-child-daughter-41316_0,0.9862632751464844,0.9909659939037393,0.9820937529524671,0.989568302068302,0.9923676395958215
4,american-football-player-uniform-helmet-athlete-159776_0,0.9903793334960938,0.9920751633986928,0.9842749452865365,0.9984440719774833,0.9857869922253099
5,american-football-running-back-runner-football-159662_0,0.9943695068359375,0.9954896592186965,0.9910198220999988,0.9974098181974049,0.9935768792050702
6,attractive-beautiful-body-smiling-41244_0,0.9727592468261719,0.980253352173901,0.9612714631262678,0.9867227077882313,0.973868275449036
7,attractive-beautiful-brunette-cute-41539_0,0.9957771301269531,0.9955104573493448,0.9910610465116279,0.9986005451364875,0.9924394346152602
8,author-jewellery-lipstick-eyelashes_0,0.9965248107910156,0.9979499850355658,0.995908357998464,0.9997970989661065,0.9961096835636377
9,baby-birth-born-care-41167_0,0.9543418884277344,0.943644265313137,0.8933015974896591,0.8955369271466361,0.9972135699145163
10,baby-caucasian-child-daughter-53590_0,0.9199752807617188,0.9440911683341418,0.8941029187573827,0.9729515941201028,0.9168935778106785
11,baby-girl-shy-emotions-160477_0,0.9907608032226562,0.9939737752233087,0.9880197461492041,0.9930793095219155,0.9948698536663114
12,ballerina-in-the-city-girl-beautiful-cute-161000_0,0.9853286743164062,0.9186926557016618,0.8496128880894659,0.8924302788844621,0.946547593116968
13,basketball-dunk-blue-game-163452_0,0.9957427978515625,0.9818713450292399,0.9643882825962091,0.9941120357882964,0.9699284315927982
14,bass-guitar-musician-instrument-guitarist-159260_0,0.8593902587890625,0.8539214520667381,0.7450810885576956,0.9947646396188436,0.748014275002083
15,bath-shower-bathroom-clean-160833_0,0.819793701171875,0.44300334858274776,0.28452427831460336,0.28458893214767234,0.9992021700973353
16,beauty-brunette-cute-equipment-41369_0,0.9647941589355469,0.972621148968361,0.9467015483058727,0.9990492674483801,0.9475552164438356
17,beauty-cold-elegance-face-41207_0,0.9678840637207031,0.9788187936348198,0.9585162628666598,0.9759680510540945,0.981686238689524
18,black-and-white-man-person-street_0,0.9984092712402344,0.9673325499412455,0.9367319071461083,0.9594405594405594,0.9753554502369668
19,borderline-depression-psycholgie-personalities_0,0.9939842224121094,0.9941822930692923,0.9884318860353719,0.9934969180405226,0.9948686143782164
20,bride-groom-wedding-couple-50688_qTdVRv7SPW_0,0.9930419921875,0.9902407704654895,0.9806701850321103,0.9863460493077095,0.994166371225062
21,business-lady-business-girl-businessman-157660_0,0.9961318969726562,0.992292841615615,0.9847035751998793,0.9933801037877981,0.9912079568749526
22,call-calling-cell-cellphone-41541_0,0.9801521301269531,0.9889539240850312,0.97814921361527,0.9935671017831244,0.9843833867975166
23,car-toy-childhood-child-163768_0,0.9732589721679688,0.9670932186681437,0.9362831536657638,0.9532834826386318,0.9813089454129751
24,celebration-christmas-claus-decoration-41513_0,0.9950141906738281,0.9945917315976115,0.9892416472544387,0.9968315057812578,0.992361999917427
25,child-childrens-baby-children-s_0,0.9897727966308594,0.990927579684005,0.9820182969362021,0.9934185975506327,0.9884490231289578
26,child-girl-read-learn-159543_0,0.9427261352539062,0.9362598174485248,0.8801583627336729,0.9561417199937569,0.917187915890338
27,concentration-curiosity-curious-education-41327_0,0.9901046752929688,0.9930486327727218,0.9861932413947274,0.9928570663065728,0.9932402731765891
28,cooking-smoking-cigarette-kitchen_0,0.9827957153320312,0.9817849901857042,0.9642216827708759,0.9699155720829277,0.9939485132969154
29,costume-aggressive-demon-devil-41662_0,0.9939689636230469,0.9949460884130845,0.9899430039948093,0.9977048486674659,0.9922025426214248
30,dance-scene-free-license-cc0_0,0.983673095703125,0.9302908889540376,0.869667164042754,0.8739786394099825,0.9943595278715922
31,delicate-arch-night-stars-landscape_0,0.99334716796875,0.0,0.0,0.0,0.0
32,disgust-disgusted-expression-female-41530_0,0.9898452758789062,0.9917935754362167,0.9837207453476924,0.9986218113868178,0.9850580836379892
33,dive-diver-diving-mask-41509_0,0.9924736022949219,0.9960645705634664,0.9921599949137321,0.9983566310536753,0.9937830103444021
34,doll-boy-cheeky-toys-160472_0,0.9838027954101562,0.9917147986262879,0.9835657582548585,0.9847320553211112,0.99879727854793
35,dots-dotted-color-cute-41512_0,0.530426025390625,0.6461253636604073,0.47724164875952335,0.9977980217711718,0.47774480712166173
36,family-outdoor-happy-happiness-160994_0,0.9860382080078125,0.9768878111620506,0.9548198348331667,0.968072590738423,0.985865048815927
37,fashion-man-person-model_0,0.9892120361328125,0.9891439539347409,0.978521083971321,0.9942200100320253,0.9841194668296223
38,fashion-person-woman-apple_0,0.9883880615234375,0.9920147742416134,0.984156065874123,0.9961907872899796,0.9878736265745738
39,fashion-woman-graffiti-girl_0,0.9927711486816406,0.9891147631383946,0.9784639512682971,0.9957209108677298,0.9825956951450548
40,girl-about-red-blue-eyes-90757_0,0.9612693786621094,0.9443747431858649,0.894611735641848,0.9110859752423438,0.9801883359112
41,girl-back-water-rock-160453_0,0.9956398010253906,0.9828894777024295,0.9663546450017662,0.9936739512077002,0.9723365814649172
42,girl-black-and-white-light-ptofile-611233_0,0.9908599853515625,0.9891224406410315,0.9784789774819685,0.993823781633733,0.9844653701561596
43,girl-black-dress-portrait-hair-157606_0,0.9919090270996094,0.9940726540034038,0.9882151608261056,0.998091988596826,0.9900855614377885
44,girl-dreaming-pretty-nice-40549_0,0.9384574890136719,0.9238582034255078,0.8584911452805529,0.996913737433411,0.8607788644198973
45,girl-eyes-makeup-sexy-60883_0,0.8094406127929688,0.7939208422372751,0.6582659497325178,0.6615424807843029,0.992532079052688
46,girl-indian-dance-red-163324_0,0.9920654296875,0.9902004202512085,0.9805910401522857,0.9942758203080649,0.9861582928248344
47,girl-lake-dress-white-160598_0,0.9970932006835938,0.9971796997601634,0.9943752629675285,0.9980588710334659,0.9963020760145255
48,girl-lavender-cos-flowers-160555_0,0.9583358764648438,0.9283088717935253,0.8662093464812887,0.886438850724565,0.9743303571428571
49,girl-long-hair-white-beauty_0,0.9842681884765625,0.9884208043666258,0.9771066947929389,0.9951434628975265,0.9817883657498564
50,girl-march-snow-white-forest-160639_0,0.9864540100097656,0.9883503872815493,0.9769690759093032,0.9895938035830426,0.9871100917431193
51,girl-peasant-woman-tradition-water-157885_0,0.9865837097167969,0.9842955315719204,0.969076697176721,0.9829042297985428,0.9856907777062317
52,girl-rabbit-friendship-love-160933_0,0.9500312805175781,0.9628408758875608,0.9283444107108668,0.998194255733385,0.9299060811625333
53,girl-water-flowers-beauty-160673_0,0.9905548095703125,0.9856395503949703,0.9716857067709584,0.9974995304282495,0.9740582800284293
54,girls-woman-female-beautiful-39653_0,0.9981575012207031,0.9983727676089791,0.9967508223850174,0.9975896800603253,0.9991570855389595
55,grandpa-old-shepherd-buffalo-46152_0,0.9788093566894531,0.9030456409808884,0.8232299124900557,0.9932808600499136,0.82784
56,healthy-person-woman-sport_0,0.9868659973144531,0.9832479430926351,0.9670479016126716,0.9908798493704154,0.9757327024286611
57,hot-chocolate-winter-chocolate-hot_0,0.6325950622558594,0.49457648287407047,0.3285297972614964,0.3290873157207405,0.9948697377865979
58,human-man-face-fog_0,0.9897956848144531,0.9922122688062792,0.9845448977941091,0.9982016706304111,0.9862943134133989
59,ingrid-bergman-star-movie-actress-53492_0,0.9499931335449219,0.9726343389049978,0.9467265412281058,0.9988637630452866,0.9477471979821404
60,kid-enjoy-sun-set-157878_0,0.9950141906738281,0.9893949352093019,0.9790124448012846,0.9895796136990749,0.9892103256372398
61,kids-children-girls-hiding-50574_0,0.9942588806152344,0.9882789074851442,0.9768293997197974,0.9922276956759716,0.9843614248479583
62,landscape-nature-man-person_0,0.9793014526367188,0.9551829520112332,0.9142107260308626,0.9859832207898507,0.9262486784352674
63,laptop-eyes-technology-computer_0,0.9697990417480469,0.9808445619799517,0.9624091923460425,0.9680767228492145,0.993953689083295
64,man-hands-photographer-cameras_0,0.8082084655761719,0.852318022799839,0.7426430315470492,0.9998001529863346,0.7427532893052783
65,man-person-blue-color_0,0.997528076171875,0.9957078702293111,0.9914524277479522,0.9995611468695144,0.991884188022909
66,man-person-jumping-desert_0,0.9959526062011719,0.9130684145841869,0.8400422131765415,0.8664282382211165,0.9650155871146519
67,mexico-lake-man-wakeboard-46537_0,0.9878463745117188,0.9162680683311433,0.8454748278203511,0.8701642290221135,0.9675306654825998
68,model-fashion-attractive-female-39657_0,0.9831504821777344,0.9820216944461404,0.9646784112082271,0.9670602759273066,0.9974533247341701
69,motorbike-racing-motorcycle-race-51388_0,0.6959228515625,0.6204696516654922,0.44976875819700424,0.9780840013209643,0.4543476744996862
70,norway-mountain-sky-blue_0,0.9833488464355469,0.9570344413493056,0.9176088638894656,0.9317489218974605,0.983730624468817
71,old-man-field-farm-hat-161868_0,0.9965400695800781,0.9975508925605999,0.9951137520673623,0.9995075944093027,0.9956018368798913
72,people-portrait-child-poverty-141651_0,0.9884109497070312,0.9917676515857703,0.9836697395651356,0.9865971544562036,0.996992628671363
73,people-woman-girl-technology_0,0.9878807067871094,0.9934460386388718,0.9869774267198446,0.9881074515146789,0.9988426262014494
74,person-woman-sitting-old_0,0.9795608520507812,0.9194358403753045,0.8508850050094623,0.8652855606497991,0.9808161170281021
75,pexels-photo-103123_0,0.9945297241210938,0.9768523002421308,0.9547519878833776,0.9900206131597029,0.9640296938222831
76,pexels-photo-103126_0,0.9906883239746094,0.9302192618850232,0.8695419806530917,0.984032901899117,0.8819862308234401
77,pexels-photo-104514_0,0.9918708801269531,0.944759830987376,0.8953031345190134,0.9919438245060149,0.9018608334158171
78,pexels-photo-104516_0,0.9821739196777344,0.960755166998396,0.924474326442875,0.9572100339709155,0.9643266572257064
79,pexels-photo-106567_0,0.9971466064453125,0.9924968904225014,0.98510553564317,0.9994949188839728,0.9855961749178205
80,pexels-photo-106829_0,0.9782180786132812,0.9102116551875963,0.8352187463927047,0.8383639418341927,0.995528343423225
81,pexels-photo-10988_0,0.9961204528808594,0.9931808581256412,0.9864540877487413,0.9943876797486539,0.9919769622287704
82,pexels-photo-113696_0,0.9784164428710938,0.9806267377042445,0.9619898559000369,0.9786363046137654,0.9826252839174083
83,pexels-photo-113697_0,0.986328125,0.9880347473074843,0.9763524436028214,0.9929941819499527,0.9831246055210444
84,pexels-photo-11392_0,0.9602470397949219,0.9654303049603746,0.9331708724789175,0.9631649666730651,0.9677063243998137
85,pexels-photo-119972_0,0.9438018798828125,0.9283386354571014,0.8662611774318006,0.9672785881542002,0.8924125805456059
86,pexels-photo-120066_0,0.9895553588867188,0.953226963681711,0.9106338533846857,0.9199723019091899,0.9889759313742866
87,pexels-photo-123335_0,0.9605789184570312,0.8541425546930135,0.7454178163184864,0.7935483870967742,0.9247555012224938
88,pexels-photo-12703_0,0.994384765625,0.9945757915217263,0.9892101096581247,0.9977524102442775,0.9914193358801058
89,pexels-photo-127712_0,0.9851150512695312,0.9824925070442757,0.9655874908500824,0.9958523962416889,0.9694863326042875
90,pexels-photo-136422_0,0.9839363098144531,0.9474590440066378,0.9001635885156121,0.9613368780858337,0.9339761881334252
91,pexels-photo-139106_0,0.99444580078125,0.9863726554602972,0.9731117266851339,0.995578899637243,0.9773351138808517
92,pexels-photo-157131_0,0.9983596801757812,0.9909913684739797,0.9821435986877621,0.9947007612398536,0.9873095387184304
93,pexels-photo-160097_0,0.9911079406738281,0.9533305303621838,0.9108229082979455,0.9747389969293756,0.9328422537418698
94,pexels-photo-160323_0,0.9839286804199219,0.9853895372024067,0.9711998578108337,0.9846826678495436,0.9860974221580576
95,pexels-photo-163569_0,0.9556846618652344,0.9640334989705722,0.930564355133707,0.9849806722635911,0.9439587223825576
96,pexels-photo-167469_0,0.9654617309570312,0.9608567080552001,0.9246623786185606,0.9965295214864768,0.9276495926272205
97,pexels-photo-167623_0,0.7762908935546875,0.8270853604599734,0.7051539238902548,0.9907881630721194,0.7098075336676907
98,pexels-photo-168335_0,0.9929084777832031,0.9739332837892789,0.9491909915819394,0.9643997667379411,0.9836571687531864
99,pexels-photo-169047_0,0.9967193603515625,0.9952601933400205,0.9905651062522627,0.9969635404014752,0.9935626568070778
100,pexels-photo-174541_0,0.9938697814941406,0.5579092159559835,0.3868752384586036,0.387318563789152,0.9970501474926253
101,pexels-photo-175687_0,0.9928474426269531,0.9901564985484116,0.9805048971698309,0.9985916387818204,0.9818626685407882
102,pexels-photo-176102_0,0.9874725341796875,0.9791094147582697,0.9590738017497071,0.9702830486036689,0.9880978365538936
103,pexels-photo-177328_0,0.9963417053222656,0.9977813919163083,0.9955726064836615,0.9973729852230419,0.9981901332173043
104,pexels-photo-179763_0,0.9994087219238281,0.9935745968577707,0.9872312381580032,0.9985834513790518,0.9886157399769016
105,pexels-photo-185929_0,0.9797782897949219,0.98713133995742,0.9745896767266173,0.9949059484429134,0.9794772973623991
106,pexels-photo-186469_0,0.9885711669921875,0.9800322576345291,0.9608463257491603,0.9672678954361869,0.9931380097526712
107,pexels-photo-186787_0,0.9587554931640625,0.9283442023222522,0.8662708719851577,0.8838160136286201,0.9775972530463548
108,pexels-photo-190519_0,0.9967575073242188,0.9962815846573809,0.9925907200948387,0.9963687590781023,0.9961944254894756
109,pexels-photo-191153_0,0.9766044616699219,0.9673715851355306,0.9368051190635658,0.9480588548129765,0.9874875092323065
110,pexels-photo-194749_0,0.9942283630371094,0.9755766840465545,0.952317922536321,0.981040192195312,0.9701736924904485
111,pexels-photo-194916_0,0.9686622619628906,0.8912568667681514,0.8038443170964661,0.8084968419030236,0.9928921134902378
112,pexels-photo-206010_0,0.9910850524902344,0.962518644448365,0.9277454860252288,0.9408647665631957,0.9851927244073807
113,pexels-photo-206272_0,0.9502906799316406,0.9206998326487145,0.8530526173346265,0.937931633045268,0.9040897791375848
114,pexels-photo-206281_0,0.9955215454101562,0.9877060338869458,0.9757106798526917,0.9884927372193926,0.9869205817725227
115,pexels-photo-206291_0,0.9746551513671875,0.9520641837780119,0.9085138317062088,0.9700796894756962,0.9347056156853856
116,pexels-photo-206306_0,0.9887886047363281,0.9875613152247977,0.975428270447876,0.9974352398050782,0.9778809645542248
117,pexels-photo-206326_0,0.986358642578125,0.9450893679749401,0.8958951965065503,0.952460538532962,0.9378314134211008
118,pexels-photo-206345_0,0.9914207458496094,0.8944181024365054,0.8090021231422505,0.9878668464170901,0.817121290101218
119,pexels-photo-206385_0,0.9614295959472656,0.9206052563387801,0.8528902533063683,0.8966318945210927,0.9458957933293531
120,pexels-photo-206432_0,0.9954414367675781,0.9944356231869211,0.9889328282875057,0.9951909634848739,0.9936814286113101
121,pexels-photo-206454_0,0.9665489196777344,0.9602595884109727,0.9235570510752923,0.9930170870473994,0.9295942720763724
122,pexels-photo-206464_0,0.8724479675292969,0.8497274267557717,0.7387183233963415,0.9819065622468269,0.7489127076550134
123,pexels-photo-206497_0,0.9922943115234375,0.9823645475022262,0.9653403338995556,0.9895349655269453,0.9752972991713761
124,pexels-photo-206509_0,0.9215469360351562,0.9591500282052707,0.921506513135045,1.0,0.921506513135045
125,pexels-photo-206514_0,0.9690132141113281,0.9600157515197755,0.9231060498490141,0.9745362967700671,0.9459215644430649
126,pexels-photo-206584_0,0.9911880493164062,0.980687879345227,0.9621075424034644,0.9793451218086794,0.982034323984931
127,pexels-photo-206595_0,0.93438720703125,0.9169651736489943,0.846662684651113,0.9864247283907019,0.856644176648867
128,pexels-photo-207188_0,0.9940605163574219,0.9389866374074218,0.8849903973999114,0.9344096084854157,0.9436087264708198
129,pexels-photo-207720_0,0.9792022705078125,0.957518427901323,0.9184991404439794,0.9359890319140833,0.9800615698722346
130,pexels-photo-207858_0,0.9631614685058594,0.8286945878346016,0.7074965924579737,0.7318586289008647,0.9550639898597538
131,pexels-photo-208215_0,0.9907302856445312,0.9493686710838855,0.9036173250832936,0.9822367853755282,0.9186290322580645
132,pexels-photo-209933_0,0.9634056091308594,0.9584446976161907,0.9202052885935069,0.934129309544115,0.9840597758405978
133,pexels-photo-210835_0,0.7606925964355469,0.7977157450430958,0.6635001180080246,0.7502031756043717,0.851653458734104
134,pexels-photo-211040_0,0.9960136413574219,0.9900252947072018,0.9802476136471033,0.9983444346051669,0.9818436547454514
135,pexels-photo-211046_0,0.9922027587890625,0.9738899391957487,0.9491086545164824,0.9919850109295305,0.9564431955038137
136,pexels-photo-211047_0,0.9972801208496094,0.9477311047577157,0.9006548697227253,0.9950738916256158,0.9046885934219734
137,pexels-photo-213839_0,0.9890518188476562,0.8633333333333333,0.7595307917888563,0.760486577181208,0.9983480176211453
138,pexels-photo-215323_0,0.8933982849121094,0.5032618163073039,0.3362390442032256,0.803496424111704,0.3663655891715624
139,pexels-photo-215964_0,0.9918403625488281,0.98918588249569,0.9786031530089628,0.9959785795732204,0.9824852118546192
140,pexels-photo-216528_0,0.993682861328125,0.9910331384015595,0.982225656877898,0.9974712242762469,0.9846776276147026
141,pexels-photo-216777_0,0.9538497924804688,0.9604110082136196,0.9238372239429881,0.9994347165750636,0.9243202045842492
142,pexels-photo-219582_0,0.9939842224121094,0.9949337077099523,0.9899184912897555,0.9921256815546172,0.99775767416686
143,pexels-photo-219619_0,0.9927864074707031,0.9570334689055008,0.9176070759444033,0.9440559440559441,0.9703727595263327
144,pexels-photo-220418_0,0.9864578247070312,0.9801066953578553,0.9609894396764871,0.9826838367493708,0.9775430359937403
145,pexels-photo-220453_0,0.9927597045898438,0.9931788450756868,0.9864501160092808,0.9954326386237402,0.9909352342567824
146,pexels-photo-220578_0,0.9881477355957031,0.986646954413983,0.9736458174292161,0.9910296479201561,0.9823028539643147
147,pexels-photo-226634_0,0.8790092468261719,0.696560631427888,0.5344020199351155,0.5842025868986103,0.8624292246096988
148,pexels-photo-226647_0,0.9963912963867188,0.9930054418549628,0.98610805174971,0.9921251699072159,0.9938872772482387
149,pexels-photo-227288_0,0.9940643310546875,0.9869825653381522,0.9742996828752643,0.9863389348716662,0.98762703634872
150,pexels-photo-234315_7WXyWcl8Az_0,0.9946212768554688,0.9727114379717438,0.9468726450640542,0.9685127375033723,0.9769467013956381
151,pexels-photo-235441_0,0.9641952514648438,0.9511013399462354,0.9067618981394101,0.9885743372032577,0.9163654981327551
152,pexels-photo-235446_0,0.9824180603027344,0.9698330311618439,0.9414328555453898,0.9876818066683553,0.9526179087589364
153,pexels-photo-235496_0,0.9860458374023438,0.9783475985841295,0.9576129779837775,0.9857108778625954,0.9710935113158328
154,pexels-photo-235501_0,0.9914703369140625,0.9853313565215109,0.971086830025215,0.9969864323075698,0.9739456346941952
155,pexels-photo-235553_0,0.9699058532714844,0.9436479874281224,0.8933082686429904,0.9855420608158515,0.9051704054924424
156,pexels-photo-235554_0,0.9776992797851562,0.9782511644518519,0.957428215640725,0.9950051084118515,0.9620520850864548
157,pexels-photo-235731_0,0.9954681396484375,0.9388637299300124,0.8847720659553832,0.919185812172511,0.9594026083298275
158,pexels-photo-235922_0,0.994415283203125,0.9754378900744917,0.952053448614659,0.9747837167192006,0.9760929420455309
159,pexels-photo-236214_0,0.9836006164550781,0.9877068517358818,0.9757122760631176,0.998473706119051,0.9771697248485054
160,pexels-photo-236397_0,0.9984207153320312,0.9913167498636688,0.9827829992514348,0.9960800842992624,0.9865987558969649
161,pexels-photo-236973_0,0.98291015625,0.9581980368006568,0.9197506538172178,0.9322076978939724,0.9856791829839515
162,pexels-photo-238622_0,0.9850082397460938,0.8418001771193946,0.7268177394689281,0.9487342346429544,0.7565299182403589
163,pexels-photo-239509_0,0.8359184265136719,0.6880425874485969,0.5244397271330171,0.526173335256076,0.9937568088494092
164,pexels-photo-240513_0,0.9985313415527344,0.9716807649871276,0.9449213161659513,0.9834723049434188,0.9601686291612153
165,pexels-photo-240561_0,0.9797744750976562,0.0942944994875299,0.0494801003944066,0.0494801003944066,1.0
166,pexels-photo-241408_0,0.9911384582519531,0.961846103309518,0.9264966459941779,0.9382530120481928,0.9866563331873168
167,pexels-photo-246490_0,0.9933052062988281,0.9953803754135946,0.9908032364223279,0.9959492630713962,0.9948121372836856
168,pexels-photo-246731_44Y6e8ihYa_0,0.960784912109375,0.9365933089904273,0.8807479931325692,0.9392698526591863,0.9339319761362938
169,pexels-photo-246807_xg04nFyEpG_0,0.9788436889648438,0.9854278117018929,0.9712742208663314,0.9871656515353313,0.9836960798199644
170,pexels-photo-247293_0,0.9873466491699219,0.9905768383971818,0.9813296108881522,0.9965475455563939,0.9846772508288292
171,pexels-photo-247306_0,0.9512596130371094,0.9543180964979711,0.9126275335758637,0.9266441704160417,0.9836958524666288
172,pexels-photo-247361_0,0.99517822265625,0.9813794525794761,0.9634396783617274,0.9890139255916149,0.973861941934918
173,pexels-photo-247878_0,0.9696197509765625,0.9819262069998501,0.9644941395713795,0.995861643558158,0.9683753950277975
174,pexels-photo-247885_0,0.9867210388183594,0.9911324979557109,0.9824208788045592,0.9976921656717337,0.9846585243636401
175,pexels-photo-247908_0,0.9673652648925781,0.9770133781870259,0.955059780210544,0.9998955056426952,0.9551551130841367
176,pexels-photo-247917_0,0.9918212890625,0.9937398535406033,0.987557598337918,0.9938152999783915,0.9936644185571224
177,pexels-photo-248571_0,0.9806900024414062,0.9876895090881677,0.9756784286592866,0.9988637313880677,0.9767625314458602
178,pexels-photo-250585_0,0.9972991943359375,0.9957385850657872,0.9915133353311357,0.9980212593960015,0.9934663287733753
179,pexels-photo-256468_0,0.9663619995117188,0.9125406649210506,0.8391492311340545,0.9801845183559542,0.8536304763318551
180,pexels-photo-256926_0,0.9790306091308594,0.9808815294776417,0.9624803767660911,0.9741628843616367,0.9876934930307487
181,pexels-photo-256963_0,0.9958915710449219,0.9905005512679163,0.9811798832698424,0.99271582892806,0.9882951385221952
182,pexels-photo-258609_0,0.9717216491699219,0.9117783569566925,0.8378608923884514,0.8744692507875633,0.9524129186245991
183,pexels-photo-258890_0,0.9663276672363281,0.961935030380391,0.9266616816218013,0.9864415474147843,0.9386166443653379
184,pexels-photo-260141_0,0.9905281066894531,0.9924178807320119,0.9849498733195137,0.9887735481672589,0.9960891765816461
185,pexels-photo-261260_0,0.598419189453125,0.009745268465214282,0.004896493052273371,0.004896493052273371,1.0
186,pexels-photo-262075_22qqfNkIDI_0,0.9955291748046875,0.9885812272257839,0.9774202870629034,0.9954087939254812,0.9818466838265177
187,pexels-photo-262187_0,0.9966964721679688,0.9974482880546879,0.9949095654320698,0.997636421506796,0.9972602255453035
188,pexels-photo-264146_0,0.9680557250976562,0.9147354702073066,0.8428686694312574,0.8665097706360076,0.9686455480559808
189,pexels-photo-265958_0,0.9698448181152344,0.9388654731062217,0.8847751621601924,0.9336019810203485,0.9441886510701841
190,pexels-photo-265960_0,0.9915084838867188,0.992694741263882,0.98549544207625,0.9979413414272047,0.9875030197770914
191,pexels-photo-266098_0,0.989898681640625,0.992889137136535,0.9858786889791913,0.9933479485030198,0.992430749409491
192,pexels-photo-267112_0,0.9966926574707031,0.968558476881233,0.9390338232191829,0.9609959700633276,0.976240953286059
193,pexels-photo-270775_0,0.9593963623046875,0.9126452629505614,0.8393261479938411,0.9128100733833501,0.912480512021006
194,pexels-photo-270823_0,0.9691925048828125,0.9468796042938328,0.8991180952856822,0.9951471747155359,0.9030776758716735
195,pexels-photo-270912_0,0.9905624389648438,0.9783457330415756,0.957609403378911,0.9932995645605617,0.9638354746917306
196,pexels-photo-277477_0,0.9768638610839844,0.980522754496787,0.9617897396158184,0.9770305470044992,0.9840400159857675
197,pexels-photo-281967_0,0.993621826171875,0.9399252658810002,0.8866594360086768,0.9609874366321358,0.9197665424372407
198,pexels-photo-28930_0,0.9831352233886719,0.9749545374718868,0.9511329722559965,0.9597042225245923,0.9906973531206466
199,pexels-photo-289998_0,0.9795036315917969,0.964068612699368,0.9306297931675576,0.986546041826344,0.9425926168089864
200,pexels-photo-293029_0,0.9940567016601562,0.9948275289665018,0.9897082914971199,0.9984273167090936,0.9912536057374229
201,pexels-photo-295821_0,0.9883003234863281,0.9921501680278674,0.9844226159034578,0.9973448185368715,0.9870093496017762
202,pexels-photo-295889_0,0.8751373291015625,0.9317016171100678,0.8721361297858128,0.9793178169440375,0.8885010904344227
203,pexels-photo-296892_0,0.9817161560058594,0.9769847253100796,0.9550050223895309,0.9726644293376933,0.9813435715388177
204,pexels-photo-298002_0,0.9926567077636719,0.953236973156808,0.9106521234625203,0.9187543900725825,0.9904088844018173
205,pexels-photo-298070_0,0.9834060668945312,0.978080562750058,0.9571014378414627,0.9831435633534584,0.9730694419378773
206,pexels-photo-301292_0,0.6902885437011719,0.8149053313119108,0.6876288897780788,0.9999272670307044,0.6876632845836267
207,pexels-photo-301341_0,0.9859733581542969,0.9799205998154246,0.9606316916488222,0.9879102850662291,0.9720591103118026
208,pexels-photo-305085_0,0.9708099365234375,0.6280019445794847,0.45772801360640636,0.8644271948608137,0.49312872194228125
209,pexels-photo-305269_Nj7WuMz6pD_0,0.9951057434082031,0.9727987788072169,0.9470381836945304,0.9781700349620533,0.9674861890102475
210,pexels-photo-307006_0,0.9920120239257812,0.9788454933020833,0.9585674713098535,0.9917297850562948,0.9662916866124143
211,pexels-photo-307790_0,0.9976272583007812,0.994276986492952,0.9886191059960112,0.9978761127322424,0.9907037295096996
212,pexels-photo-312081_0,0.9930305480957031,0.9684134091734237,0.9387611450023463,0.9697043141056714,0.9671259366690839
213,pexels-photo-313138_0,0.9897804260253906,0.9571586202485087,0.9178372078758511,0.982275905077625,0.9332938314725878
214,pexels-photo-314703_0,1.0,0.0,0.0,0.0,0.0
215,pexels-photo-316680_0,0.9805793762207031,0.9858140020898641,0.972024859464895,0.9995535991772664,0.9724470050136336
216,pexels-photo-319883_0,0.9933395385742188,0.9755229069702237,0.9522154410356057,0.991960085531005,0.9596215903135946
217,pexels-photo-319917_0,0.9918479919433594,0.985234676745134,0.9708990385924776,0.9799736096984358,0.9905525376161829
218,pexels-photo-319932_0,0.9679946899414062,0.964415679155816,0.9312768257920776,0.9581493342322602,0.9707645280827883
219,pexels-photo-320032_0,0.8268356323242188,0.9046981218429705,0.8259806176587849,1.0,0.8259806176587849
220,pexels-photo-321499_0,0.9950103759765625,0.9907135250266241,0.9815979403199258,0.9889722037165658,0.9924609891751184
221,pexels-photo-322484_0,0.9102706909179688,0.8414895480949365,0.7263547313804416,0.7293328816568738,0.9944096707917244
222,pexels-photo-322819_0,0.9941368103027344,0.9904592828012588,0.9810988956934504,0.9992109613746806,0.981859577872131
223,pexels-photo-325081_0,0.9951286315917969,0.9969784516516773,0.9939751078064109,0.9942987941572079,0.9996725916506126
224,pexels-photo-325105_0,0.9931259155273438,0.9856327337670621,0.9716724568877431,0.9897678142514011,0.9815320608505097
225,pexels-photo-325682_0,0.9891853332519531,0.9892525295413276,0.9787336188854466,0.9988669596239531,0.9798214191842957
226,pexels-photo-325685_0,0.9970588684082031,0.9887944190102465,0.9778371852362884,0.9978878817213764,0.9798651918423782
227,pexels-photo-326576_0,0.9515113830566406,0.9751533004806705,0.9515113830566406,1.0,0.9515113830566406
228,pexels-photo-332048_wmD8uHc0db_0,0.8050613403320312,0.8920044126411178,0.8050613403320312,1.0,0.8050613403320312
229,pexels-photo-333994_12TQ3nQsnH_0,0.9986152648925781,0.9711194207971994,0.9438601917723477,0.9710421638822594,0.9711966900063653
230,pexels-photo-333998_0,0.99713134765625,0.9558789016662755,0.9154866262081367,0.9294842537654039,0.9838164251207729
231,pexels-photo-340589_0,0.9563064575195312,0.9741661629512013,0.9496334862123098,0.9735864537593883,0.9747465629146844
232,pexels-photo-341004_8AgutZKy5e_0,0.9956016540527344,0.988167927180929,0.9766125760649087,0.9799120771767005,0.9965640717819221
233,pexels-photo-341392_0,0.9898262023925781,0.9811853179166283,0.9630655458460856,0.9954907883247205,0.9672851698333658
234,pexels-photo-344060_0,0.9915275573730469,0.9518586756258806,0.9081396310695674,0.9330698623151453,0.9714197230456134
235,pexels-photo-346707_0,0.9930038452148438,0.9900329337086834,0.9802625914765389,0.9906143623095411,0.9894521872318237
236,pexels-photo-346797_0,0.9920654296875,0.9904610784484578,0.9811024194354347,0.9983266770209304,0.9827184536701673
237,pexels-photo-346810_0,0.9866104125976562,0.9636284506341706,0.9298098266242726,0.9393712877287971,0.9891715951155172
238,pexels-photo-346838_0,0.9947128295898438,0.939885496183206,0.8865886588658866,0.9843735804488053,0.8992447506017097
239,pexels-photo-351978_0,0.9939079284667969,0.9818784254541741,0.9644019437385761,0.9954214982514265,0.9686989230459216
240,pexels-photo-354957_9Dw0GgCmHy_0,0.9922027587890625,0.9877223964152281,0.9757426153827896,0.9856975015585288,0.9897556277837968
241,pexels-photo-354976_0,0.9684257507324219,0.9748624984435218,0.9509577953819628,0.9918732348233433,0.9584253962187533
242,pexels-photo-355178_0,0.9946479797363281,0.9963768396641797,0.9927798391288462,0.9995803000077722,0.9931938466607632
243,pexels-photo-356642_0,0.9954071044921875,0.9832517249054084,0.9670552180813222,0.9883109619686801,0.9782440212577502
244,pexels-photo-358057_0,0.9793167114257812,0.9765834866506007,0.954238546976807,0.9693576597276998,0.9839178487511966
245,pexels-photo-366733_0,0.9962272644042969,0.992698897821481,0.9855036350844277,0.9985445472502339,0.9869212928984529
246,pexels-photo-370013_0,0.9943161010742188,0.9920503654697753,0.9842261274613593,0.9984427858025022,0.9857392779515454
247,pexels-photo-371132_0,0.99676513671875,0.9972347405286602,0.9944847322038308,0.9987720043110487,0.9957022016448847
248,pexels-photo-371160_0,0.9859046936035156,0.9877393644378524,0.975775733775642,0.9987585808901982,0.9769606427389923
249,pexels-photo-372042_0,0.986602783203125,0.9916862358912203,0.9835095693330579,0.9996897744899177,0.9838098324620609
250,pexels-photo-373899_0,0.9956398010253906,0.9933931017739781,0.9868729327453142,0.9967636414253898,0.9900452801493208
251,pexels-photo-373918_0,0.9891166687011719,0.9816797128344753,0.9640186149752179,0.9909767417740556,0.97255550607545
252,pexels-photo-373964_0,0.9809951782226562,0.9750967238845512,0.9514036559433465,0.9687242389631028,0.9815536032364218
253,pexels-photo-373992_0,0.9576492309570312,0.9639655429836349,0.9304377247835186,0.9968315342892433,0.9331975918454558
254,pexels-photo-374049_0,0.9953994750976562,0.9890750973820092,0.9783863220903976,0.9920767609217126,0.9860915429355875
255,pexels-photo-374101_0,0.9818954467773438,0.9760264285136991,0.9531754096905,0.9874891398783666,0.9648267803820918
256,pexels-photo-374643_0,0.9910850524902344,0.9954161280895042,0.9908740881898127,0.999747843868075,0.9911217873603625
257,pexels-photo-374680_FQUdE7s7a3_0,0.9921188354492188,0.9926579813357784,0.985422987370352,0.9923617476321418,0.9929543919519391
258,pexels-photo-374810_0,0.9911956787109375,0.9929142029092294,0.9859281163308234,0.9979203179383377,0.9879580640037147
259,pexels-photo-374845_0,0.94708251953125,0.9450731328745535,0.8958660190822217,0.9607383793009064,0.9299105473133026
260,pexels-photo-375801_0,0.9975547790527344,0.975125150374481,0.9514577811435062,0.9637186469279743,0.9868049010367578
261,pexels-photo-377719_0,0.9768218994140625,0.9882750688907243,0.9768218994140625,1.0,0.9768218994140625
262,pexels-photo-378152_0,0.990203857421875,0.9671854634669939,0.9364560908618513,0.9798311930405965,0.9548619871827219
263,pexels-photo-378154_XQflMQUWyS_0,0.9897422790527344,0.9918572151009445,0.983845969001562,0.9872859898721967,0.9964709676241702
264,pexels-photo-379964_0,0.9986686706542969,0.8386500231160425,0.7221337579617835,0.7998236331569665,0.8814382896015549
265,pexels-photo-388517_0,0.9873046875,0.9912571521644328,0.982665854128579,0.9936377856544707,0.9888878988169806
266,pexels-photo-397219_0,0.9862747192382812,0.9801782743309204,0.9611270770759955,0.997320597764549,0.963615290460252
267,pexels-photo-398078_0,0.9958305358886719,0.9936256699461711,0.9873320893360068,0.996817224432483,0.9904544873210943
268,pexels-photo-398533_0,0.9892349243164062,0.9864485891550298,0.9732595491457648,0.9977269415707417,0.9754223686834633
269,pexels-photo-401685_0,0.9898910522460938,0.9935837526088704,0.9872493167558413,0.9983748223982561,0.9888384466356303
270,pexels-photo-402765_0,0.9952316284179688,0.9902232233641497,0.9806357665138183,0.9994789610799716,0.9811373393883972
271,pexels-photo-403638_ccIw1ZVpaQ_0,0.9945297241210938,0.9902221494906516,0.9806336601571995,0.9950256937307297,0.9854647612067913
272,pexels-photo-409165_0,0.9147987365722656,0.8805851248683415,0.786647689280324,0.8477034566528729,0.9161206349912672
273,pexels-photo-413744_0,0.9966773986816406,0.9382925965285157,0.8837581742960096,0.9445157609470831,0.9321509009009009
274,pexels-photo-413948_0,0.9608078002929688,0.9718580686866916,0.9452567190264072,0.9456850275333039,0.9995210916855882
275,pexels-photo-414011_0,0.9903717041015625,0.9891769508503212,0.9785856700462393,0.9939248229150509,0.9844742232843974
276,pexels-photo-414032_0,0.9303855895996094,0.9630255472012351,0.9286878231204793,0.9999915844750396,0.9286950813009719
277,pexels-photo-415173_0,0.9808769226074219,0.9638793817775696,0.9302771943976967,0.9383689445699295,0.9908156312031523
278,pexels-photo-415188_eivw722GsP_0,0.9897499084472656,0.9696277792221003,0.9410461187414981,0.9601101336377678,0.9793360124212257
279,pexels-photo-415215_0,0.9945564270019531,0.9890081110434977,0.9782552380952381,0.9921951068729425,0.9858415233415233
280,pexels-photo-415307_0,0.9921455383300781,0.9705086153802083,0.9427068840781345,0.9686910276205181,0.9723330367649169
281,pexels-photo-415460_0,0.9939765930175781,0.9855282332346552,0.9714693553050014,0.9985884363217622,0.9728052399218354
282,pexels-photo-415484_0,0.9755172729492188,0.9687837430325199,0.9394573994415516,0.9542562569468399,0.9837603967046644
283,pexels-photo-415829_0,0.9043464660644531,0.9308293035483256,0.8706086938573315,0.9374468676205029,0.9243045131318001
284,pexels-photo-427547_0,0.9800529479980469,0.9870672704743485,0.9744647810290269,0.9995441749566716,0.9748980140215453
285,pexels-photo-428311_0,0.9836845397949219,0.984133225996728,0.9687620967447431,0.9993294607809898,0.9693922296605958
286,pexels-photo-428327_0,0.8874320983886719,0.8635983340960253,0.7599411018190101,0.886096961763562,0.8422139276569657
287,pexels-photo-428372_0,0.9900741577148438,0.985714442577769,0.9718312908673624,0.9866136193783795,0.9848169032626105
288,pexels-photo-428377_0,0.9928970336914062,0.9947180301826846,0.9894915655987042,0.9936581882480957,0.9957801353991549
289,pexels-photo-428539_0,0.9907951354980469,0.9911142698271831,0.9823850612471348,0.9863452461227242,0.9959296344811764
290,pexels-photo-432059_0,0.99212646484375,0.9937075856518319,0.9874938650864341,0.9967828942942245,0.9906511947384097
291,pexels-photo-432482_0,0.9679908752441406,0.9480269311051788,0.901189354686764,0.9562539047857054,0.9399403087731365
292,pexels-photo-432722_0,0.9535903930664062,0.9603997135603151,0.9238163225689291,0.9358831216615705,0.9862353428796813
293,pexels-photo-433398_0,0.9954566955566406,0.9951877426836314,0.9904215791928713,0.9966011442814252,0.9937783444424719
294,pexels-photo-437645_0,0.9865913391113281,0.9906073051917687,0.9813894139386142,0.9993907337614372,0.9819769228324098
295,pexels-photo-439851_8Sxw4y5pav_0,0.9820899963378906,0.9598164996276929,0.9227376701170042,0.9350320170757738,0.9859506602662165
296,pexels-photo-442535_0,0.9664230346679688,0.9634480582040463,0.9294739794078762,0.9730570817430693,0.9540269587887461
297,pexels-photo-442542_NK0n2rDYBR_0,0.9968605041503906,0.9769963943315537,0.9550273224043716,0.9861197314224454,0.9680403234740224
298,pexels-photo-442582_0,0.9801559448242188,0.9853637949468235,0.971149846653837,0.9997602069071829,0.9713761101465033
299,pexels-photo-446169_0,0.9892425537109375,0.9883738188294661,0.9770148669796557,0.9960281189237697,0.9808362654447262
300,pexels-photo-447186_0,0.9914093017578125,0.9919596698180572,0.9840476021817667,0.9906298134519939,0.9932931014758036
301,pexels-photo-449609_0,0.9957008361816406,0.9570715727726355,0.9176771365960555,0.9534760170006071,0.9606943488567714
302,pexels-photo-449977_0,0.9935150146484375,0.9949583021934351,0.9899671867991785,0.9911253441735698,0.9988210215431518
303,pexels-photo-451552_0,0.9949111938476562,0.9946420538525801,0.9893412168910551,0.9964510469813781,0.9928396170437962
304,pexels-photo-45683_0,0.9901123046875,0.9739738131576834,0.9492679871604165,0.9880416403528429,0.9603009603009603
305,pexels-photo-45720_0,0.8613929748535156,0.7626388988692113,0.6163430369455267,0.6505728679060229,0.9213479599084524
306,pexels-photo-458753_0,0.9902839660644531,0.9924801818691782,0.9850726149590332,0.988903597799547,0.9960827308284935
307,pexels-photo-459579_0,0.9924850463867188,0.9878961402818909,0.976081783303385,0.9853051119581336,0.9905008316392534
308,pexels-photo-461375_0,0.9831352233886719,0.9822951082277087,0.9652062362764927,0.9913268399143192,0.9734264624176522
309,pexels-photo-462359_0,0.9917221069335938,0.9926470588235294,0.9854014598540146,0.99659806089471,0.9887272604542846
310,pexels-photo-462620_0,0.9972114562988281,0.9911720306744761,0.9824985634935836,0.9904902126427072,0.9918547880311307
311,pexels-photo-462677_0,0.9830207824707031,0.9674375050295924,0.9369287667738873,0.9737993195776079,0.9611582742179323
312,pexels-photo-464181_0,0.9648971557617188,0.9685545767067395,0.9390264912071457,0.9783233003810681,0.9589790090541217
313,pexels-photo-47482_0,0.9560165405273438,0.9307715400780546,0.870507637017071,0.886142519063897,0.9801342926872447
314,pexels-photo-478544_0,0.9828987121582031,0.9835994805099781,0.9677282347351599,0.9999107428426917,0.9678118385624397
315,pexels-photo-50857_0,0.9766769409179688,0.977285223878379,0.9555794505917654,0.989698556744473,0.9651794232039334
316,pexels-photo-519280_0,0.9647102355957031,0.8208663323199659,0.6961605412684336,0.6965265683020604,0.9992457099754856
317,pexels-photo-529923_0,0.9837417602539062,0.9698150089237655,0.9413988917763203,0.9584651566480947,0.9814368854103953
318,pexels-photo-532565_0,0.998504638671875,0.024875621890547265,0.012594458438287154,0.012594458438287154,1.0
319,pexels-photo-53758_0,0.9862136840820312,0.9685564140043154,0.939029945170814,0.9603844229342443,0.9768686709138454
320,pexels-photo-551650_0,0.9921112060546875,0.9845464056194888,0.9695631696691392,0.9987870701679907,0.9707061181185901
321,pexels-photo-562612_0,0.9990272521972656,0.9940913409180434,0.9882520961946005,0.9969326578984059,0.9912661737523105
322,pexels-photo-564104_0,0.9600639343261719,0.9296121237385113,0.8684815517392998,0.9344308827703661,0.9248428093645485
323,pexels-photo-567630_zsScCnqWcy_0,0.9920921325683594,0.9863787790181945,0.9731236467827462,0.9811503267973857,0.991663253577138
324,pexels-photo-567634_0,0.9835395812988281,0.9099033261645754,0.8346996628869139,0.854839342461454,0.9725495447241564
325,pexels-photo-571169_0,0.9978218078613281,0.9246801213560216,0.8599116781157998,0.9960215970446149,0.862875430822255
326,pexels-photo-573254_0,0.9969253540039062,0.9695665307355384,0.9409307438622206,0.9719887955182073,0.9671563088512241
327,pexels-photo-573266_0,0.9673805236816406,0.8483085274343191,0.7365761991312653,0.9656314365332579,0.7564062005694401
328,pexels-photo-573297_j8GvDLF2pW_0,0.9905624389648438,0.9843103929377742,0.9691055083105433,0.9828269652106736,0.9857983054507578
329,pexels-photo-573558_0,0.9913711547851562,0.9872776971619478,0.9748750416527824,0.9787124903821492,0.9959941444150656
330,pexels-photo-578284_0,0.9932594299316406,0.9882775960779371,0.976826837328857,0.9805689761851476,0.9961083770193645
331,pexels-photo-580012_0,0.9708671569824219,0.9838950829075311,0.9683006807238917,0.9997771444489683,0.9685097231678762
332,pexels-photo-58091_0,0.9891395568847656,0.9464718822268599,0.8983831245315345,0.9286452184179457,0.9649963577809301
333,pexels-photo-584314_0,0.9904403686523438,0.995094949716384,0.9902377835951134,0.9978214191785769,0.9923833393844989
334,pexels-photo-588250_0,0.9885406494140625,0.9900730969029649,0.9803413433851631,0.9867601143504552,0.9934084006419184
335,pexels-photo-588561_0,0.99481201171875,0.974876228478534,0.9509839256108988,0.9936358501223875,0.9568118359502484
336,pexels-photo-589312_0,0.9748725891113281,0.9783509661049816,0.9576194305935338,0.967504566521708,0.9894433143206627
337,pexels-photo-590054_0,0.9939994812011719,0.9873366769443795,0.9749900628030845,0.990166475593806,0.9845230067751983
338,pexels-photo-590479_0,0.9933319091796875,0.9956254504684872,0.9912890076046764,0.9944408338749188,0.9968128927508344
339,pexels-photo-590485_0,0.976348876953125,0.9653375673681149,0.932997600881838,0.996824810354582,0.9357786232237505
340,pexels-photo-590515_aDWzPPH780_0,0.988128662109375,0.9867479730190093,0.9738425848098712,0.9912306968387732,0.9823056118426072
341,pexels-photo-593561_0,0.9836616516113281,0.980234709935254,0.9612356092969372,0.9837348672205704,0.9767593716661148
342,pexels-photo-595870_AMiBJc8UTk_0,0.9957389831542969,0.9514284471887638,0.9073567222360455,0.9568792093063938,0.9460394327222414
343,pexels-photo-604889_0,0.9490089416503906,0.9405602024163677,0.8877901364113326,0.888774969956216,0.9987534233638682
344,pexels-photo-605208_0,0.9924430847167969,0.9849302042524057,0.970307862945532,0.9736644206473348,0.9964597410993273
345,pexels-photo-60682_0,0.9850311279296875,0.9900230354990771,0.9802431840495431,0.998138976898705,0.9820380122268628
346,pexels-photo-610523_0,0.9977874755859375,0.9985704708573232,0.9971450229874873,0.9984523480935295,0.9986886215736541
347,pexels-photo-613713_0,0.9832382202148438,0.9748258318819323,0.9508880170785412,0.9718636477872467,0.97780612831299
348,pexels-photo-615475_0,0.964385986328125,0.9248018557896773,0.8601222581805106,0.873112196012228,0.9829968664920121
349,pexels-photo-615477_0,0.9446487426757812,0.9430158031983411,0.8921758774178686,0.986135409736425,0.9035091019919779
350,pexels-photo-616376_0,0.9936027526855469,0.9887185420885162,0.9776887871853547,0.9810300635446147,0.996528484059504
351,pexels-photo-616384_0,0.9871597290039062,0.9809937888198758,0.9626965744239913,0.9724063045717101,0.9897342995169082
352,pexels-photo-618546_0,0.9917755126953125,0.9876565827741773,0.975614170022169,0.9855012853470437,0.9898213281617572
353,pexels-photo-618670_0,0.9867401123046875,0.9807938823321399,0.9623116122736637,0.9756617711722804,0.9859802701741912
354,pexels-photo-631164_0,0.9532051086425781,0.9648931512024245,0.9321676813589689,0.9735723526150434,0.9563673291086817
355,pexels-photo-631546_0,0.9936332702636719,0.9956632116139661,0.991363876269029,0.9959970679822623,0.995329578986742
356,pexels-photo-638484_0,0.994964599609375,0.9967519205500082,0.9935248728275212,0.9985800566991249,0.9949304658371363
357,pexels-photo-661899_0,0.9766654968261719,0.985390878195223,0.971202463114484,0.9949504205571418,0.9760132849498739
358,pexels-photo-671611_0,0.9833717346191406,0.9834409035135371,0.9674212811754946,0.9871421380961823,0.9797673203999606
359,pexels-photo-674131_eNsXQ2oYPg_0,0.948516845703125,0.9635473781446329,0.9296588747296276,0.9813165350865128,0.9464102849805538
360,pexels-photo-675926_0,0.9935493469238281,0.9869597069597069,0.9742551345096905,0.9896843440201674,0.9842500307616586
361,pexels-photo-67818_0,0.99676513671875,0.9850804039551005,0.9705994522067746,0.9904825926974243,0.9797368236858682
362,pexels-photo-678330_0,0.9883499145507812,0.8483012120007947,0.736565168636246,0.7462203967491042,0.9827367936471401
363,pexels-photo-679350_S5ZxwwUQak_0,0.9964408874511719,0.9842555561180579,0.9689992025518341,0.9888779627683022,0.9796761623219564
364,pexels-photo-681993_0,0.9873390197753906,0.6965346987290848,0.5343714927048261,0.5502744871424444,0.9486924034869241
365,pexels-photo-682013_0,0.808349609375,0.8915544580529018,0.8043286064255307,1.0,0.8043286064255307
366,pexels-photo-682020_0,0.8592987060546875,0.8386230191023722,0.722093715387919,0.9848628095776385,0.7301977934901865
367,pexels-photo-68721_0,0.9929351806640625,0.9963853963768089,0.9927968293603102,0.9996318792563961,0.9931599322996713
368,pexels-photo-687782_0,0.9962272644042969,0.9443161984122516,0.8945066666666667,0.9016234813460918,0.9912529550827424
369,pexels-photo-689924_0,0.9862937927246094,0.9807588293571103,0.9622441259299735,0.980743073182748,0.9807745860377439
370,pexels-photo-69022_0,0.8657341003417969,0.8440436892128409,0.7301691952683589,0.7377593939534776,0.986105646781107
371,pexels-photo-69100_0,0.99261474609375,0.9678586844639241,0.9377191571497507,0.9439137333635569,0.9930501141280278
372,pexels-photo-691047_0,0.9914321899414062,0.9798130505123135,0.9604249995594947,0.9741917034548087,0.9854996474353179
373,pexels-photo-691232_SHDJullPaf_0,0.9923820495605469,0.988014859893292,0.9763136045546199,0.9879377805516215,0.9880919512634295
374,pexels-photo-693540_0,0.9663162231445312,0.9512773823318434,0.9070819741134378,0.9747602677763706,0.9288993297269338
375,pexels-photo-695799_0,0.9557418823242188,0.9685360958941259,0.9389917495306855,0.997764976057306,0.9409709597356815
376,pexels-photo-695893_0,0.9852066040039062,0.9769613725746468,0.9549603958096211,0.9780421077673367,0.9758830231674895
377,pexels-photo-695909_0,0.9742851257324219,0.9587840027391731,0.9208310333893149,0.9336826436439416,0.9852723114428611
378,pexels-photo-695928_0,0.9960289001464844,0.9482732919254657,0.9016346971558159,0.9946836234754508,0.9060007595898215
379,pexels-photo-696208_0,0.9967842102050781,0.9953486832304306,0.9907404356279039,0.9924191578553588,0.9982955551620329
380,pexels-photo-69736_0,0.9943084716796875,0.6651705565529622,0.49831876260928043,0.498989898989899,0.9973082099596231
381,pexels-photo-698487_0,0.9885025024414062,0.9920926425370706,0.9843093566003259,0.9925040550542511,0.9916815709557801
382,pexels-photo-698864_0,0.9648170471191406,0.9548071599021957,0.913522484341597,0.9820976765284007,0.9289923338037301
383,pexels-photo-699967_0,0.9870758056640625,0.8157694399129961,0.6888603177518596,0.7254352030947776,0.9318012422360249
384,pexels-photo-700392_0,0.9920425415039062,0.9930631301710606,0.9862218376607508,0.9953669137645992,0.9907699861981102
385,pexels-photo-700953_0,0.9929122924804688,0.8329737504494785,0.713757510399014,0.9441614020786632,0.7452147337944346
386,pexels-photo-70381_BtivnXHlpm_0,0.9950904846191406,0.987149147769823,0.9746243937063764,0.989015606242497,0.9852897207438857
387,pexels-photo-704977_0,0.9562149047851562,0.9749409437644911,0.9511070975217032,0.9998925231970767,0.9512043419359786
388,pexels-photo-704981_0,0.9969215393066406,0.9639490730399821,0.9304070369092791,0.9655450152138894,0.9623583980019623
389,pexels-photo-704993_0,0.9715423583984375,0.9821043894622201,0.964838023953507,0.9741821573722433,0.9901565281324974
390,pexels-photo-705301_0,0.8439750671386719,0.9002922900277663,0.8186650706036221,0.994217350103377,0.8225818666167738
391,pexels-photo-705740_0,0.9969520568847656,0.9940208484558224,0.9881127724466265,0.9914315569487984,0.9966237001245479
392,pexels-photo-705823_0,0.9925651550292969,0.9957634763404609,0.9915626975125326,0.9940629380644658,0.9974698427905762
393,pexels-photo-706152_0,0.9764938354492188,0.9725070271717307,0.946485331665885,0.9566209644857188,0.9889296214293493
394,pexels-photo-708433_0,0.9890670776367188,0.9903167824418196,0.9808192958151799,0.9951787593793502,0.9855020812179328
395,pexels-photo-709788_0,0.9852256774902344,0.9764546388556213,0.9539925399729158,0.9953522383620048,0.9582612430942523
396,pexels-photo-709857_0,0.9933280944824219,0.8325193909796036,0.7130905511811023,0.8685314685314686,0.7993747701360795
397,pexels-photo-712413_0,0.986846923828125,0.9855469765180285,0.9715057806573173,0.9982338006402472,0.9731785859154464
398,pexels-photo-713069_0,0.9705009460449219,0.9762781951427512,0.9536557593191898,0.9987572571787228,0.9547887340845543
399,pexels-photo-715847_0,0.9972267150878906,0.9912901795876314,0.9827307710580075,0.9891452480573819,0.993444433771972
400,pexels-photo-722036_2HKeXiFMCJ_0,0.995391845703125,0.9836633127772368,0.9678518203108367,0.98627759396865,0.9810628540598867
401,pexels-photo-724502_0,0.9976959228515625,0.9856966941365918,0.9717967874486365,0.9776859115892329,0.9938398357289527
402,pexels-photo-724892_0,0.9887123107910156,0.9779890354302887,0.9569261674624432,0.9786806413672974,0.9772984062797336
403,pexels-photo-728842_0,0.9913253784179688,0.950279867063145,0.9052697354717767,0.9542021603583033,0.9463896873094678
404,pexels-photo-730069_0,0.9891204833984375,0.8683894785417628,0.7673925454693744,0.9939784491865624,0.7709767289413307
405,pexels-photo-731794_sNHLIf9pHk_0,0.9504547119140625,0.9728786094335997,0.9471895127187561,0.9988037405617703,0.9482652641691464
406,pexels-photo-733496_0,0.9860496520996094,0.9881735069739765,0.9766234762431363,0.9785688665710186,0.9979685550613026
407,pexels-photo-735307_0,0.9767036437988281,0.9820168141462624,0.9646689923691503,0.9654900870854178,0.9991191855762144
408,pexels-photo-736505_0,0.9860267639160156,0.9487226149646532,0.9024474686409758,0.9488421583176995,0.9486031017300263
409,pexels-photo-736505_KsNZ6XMFx3_0,0.9869804382324219,0.9520625869067517,0.9085109234687039,0.9553770260747005,0.9487710654498628
410,pexels-photo-744488_0,0.9775047302246094,0.9618250438587972,0.9264575668765979,0.9656445386125229,0.958035645198731
411,pexels-photo-745128_0,0.9423904418945312,0.9390084326839199,0.8850291195614937,0.9131059725407648,0.966423369800153
412,pexels-photo-746826_0,0.9916305541992188,0.9932147407746453,0.9865209404623674,0.9911793390368258,0.9952585191704578
413,pexels-photo-746831_0,0.9931983947753906,0.9923527923244853,0.9848216565931728,0.9956537455246488,0.9890736545120336
414,pexels-photo-746896_0,0.96112060546875,0.808586560492807,0.678678394653047,0.7046942516695037,0.948409551502335
415,pexels-photo-747963_0,0.9320831298828125,0.9261060845023658,0.8623813499056983,0.8748647334661167,0.9837233498509884
416,pexels-photo-749077_0,0.9842796325683594,0.9810315067547352,0.9627692252095982,0.9962325885762363,0.9662873464206374
417,pexels-photo-751812_0,0.9965438842773438,0.9868760321001245,0.9740920789247927,0.9801743734353868,0.9936699629532394
418,pexels-photo-752842_0,0.992095947265625,0.9907495044377377,0.9816685835618862,0.9938732734992207,0.9876453100243889
419,pexels-photo-755827_0,0.9916839599609375,0.98664362999179,0.9736393426764531,0.9867282664640572,0.9865590080376396
420,pexels-photo-756062_0,0.9890632629394531,0.9901183250440315,0.9804300341296929,0.9847926993987014,0.9955018644044302
421,pexels-photo-756507_0,0.9847068786621094,0.26074128711045547,0.14991518235793044,0.15045754415833157,0.9765193370165746
422,pexels-photo-756570_0,0.9828033447265625,0.9485188315099468,0.9020787627343224,0.9642434233439364,0.9332988740813988
423,pexels-photo-757456_0,0.9835586547851562,0.9190671123295904,0.8502536307414357,0.8569227536942363,0.9909297052154195
424,pexels-photo-758771_0,0.9979515075683594,0.9924155756112027,0.9849453322119428,0.9930467226320698,0.9917852303523035
425,pexels-photo-760634_0,0.99658203125,0.9884924610207804,0.9772467558851164,0.9899927968717843,0.9869966658117466
426,pexels-photo-760641_0,0.9927215576171875,0.9934450559643806,0.9869754868833324,0.9937113402061856,0.993178914396406
427,pexels-photo-761980_0,0.9474029541015625,0.8836337856998177,0.7915268075841423,0.9832463093046843,0.8023480366612513
428,pexels-photo-761999_0,0.9556236267089844,0.9148744667305736,0.8431047272236833,0.8436850487218938,0.9991848216997267
429,pexels-photo-763210_0,0.9845848083496094,0.9716653694861062,0.9448921981753468,0.9824740513867619,0.9610919229328784
430,pexels-photo-763546_0,0.9894943237304688,0.9939643912231642,0.9880012024938677,0.9925591655760738,0.9953736014362027
431,pexels-photo-764876_0,0.9872894287109375,0.9888358753049025,0.9779182737550863,0.9943665008962385,0.98336643164643
432,pexels-photo-767322_0,0.9952201843261719,0.9738145493302125,0.9489654610622352,0.9682902501870169,0.9794022447349615
433,pexels-photo-768249_0,0.9955291748046875,0.988811242219422,0.9778700906344411,0.9895102890880256,0.9881131823472172
434,pexels-photo-769584_0,0.9913711547851562,0.9829671239890966,0.966504768109933,0.9840192974521332,0.9819171982187989
435,pexels-photo-770124_0,0.9845619201660156,0.9245708534471512,0.8597227036395148,0.9229710117962266,0.9261762509335325
436,pexels-photo-770145_0,0.9743576049804688,0.9735429327119871,0.9484497342730277,0.9527973374832437,0.9952120383036935
437,pexels-photo-771037_0,0.9939460754394531,0.9765122027025026,0.9541024380368454,0.9887310435772942,0.9645916786058887
438,pexels-photo-771166_0,0.9874305725097656,0.9914480224038454,0.983041077136078,0.9879070633508503,0.9950144565132453
439,pexels-photo-773327_0,0.9674263000488281,0.5093374705510545,0.3416852979724,0.342371572035535,0.9941677882458502
440,pexels-photo-774095_0,0.9665603637695312,0.9799529812107795,0.9606939319071469,0.9757089445185735,0.9842340997312631
441,pexels-photo-774909_0,0.9892501831054688,0.9924565677115399,0.9850260900985154,0.9904468808104122,0.9944744267888372
442,pexels-photo-775034_0,0.9957275390625,0.996020437893959,0.9920724240686868,0.9947056527447571,0.9973387033650459
443,pexels-photo-775358_0,0.9806480407714844,0.9771982578444196,0.9554131730211465,0.9575676961293846,0.9976505355127063
444,pexels-photo-775789_0,0.9982833862304688,0.9890478971962616,0.9783330925899176,0.986598689002185,0.991509295857122
445,pexels-photo-776432_0,0.979827880859375,0.9859389375495248,0.9722678190275906,0.9967472768524392,0.9753624865843137
446,pexels-photo-776449_0,0.9359092712402344,0.962453768366948,0.9276249472296652,0.9964138964981121,0.9307322259825469
447,pexels-photo-776615_0,0.9863395690917969,0.9859692428249583,0.9723267621307079,0.978398133748056,0.9936584402764067
448,pexels-photo-784154_0,0.9928398132324219,0.9836493985034452,0.9678248795789979,0.9859942020886452,0.9813157208655601
449,pexels-photo-784372_0,0.9090118408203125,0.8169820296794194,0.6905913943623604,0.7477631856169675,0.9003230116182713
450,pexels-photo-784538_0,0.9776611328125,0.9752830045331375,0.9517583965598201,0.9674024081858222,0.9832930482739838
451,pexels-photo-785133_0,0.9963302612304688,0.9923208327346457,0.9847587059159035,0.9927329063583077,0.991909101064424
452,pexels-photo-785192_0,0.9680824279785156,0.9702092509052584,0.9421421310670548,0.9854474967090512,0.9554350951255601
453,pexels-photo-787591_0,0.9905052185058594,0.9916363404200983,0.9834114220590098,0.9936965452219004,0.9895846606799145
454,pexels-photo-788213_0,0.9689102172851562,0.7576856752096093,0.6098985257514838,0.6349095620110619,0.9393291559159602
455,pexels-photo-788574_0,0.9820442199707031,0.9798922631990397,0.9605772290993149,0.9631990459634006,0.9971743061834876
456,pexels-photo-788750_0,0.9698944091796875,0.9835439342758245,0.9676207043686612,0.9990849783953232,0.9684789750328515
457,pexels-photo-789703_0,0.9548454284667969,0.9493818660759721,0.9036412331186963,0.9193043478260869,0.9814940892492419
458,pexels-photo-792068_0,0.9947929382324219,0.9817987865857724,0.964248297537978,0.9844635789924056,0.9791483816058938
459,pexels-photo-792385_0,0.9961051940917969,0.9852714184734783,0.970970401751443,0.985143516515217,0.985399353647276
460,pexels-photo-792647_0,0.9912872314453125,0.9728056389007954,0.9470511869436202,0.9629455025457289,0.9828697911654316
461,pexels-photo-792777_0,0.8976058959960938,0.940378934275116,0.8874671943519784,0.9996222209629587,0.8877649446834923
462,pexels-photo-792906_G4bGW1y54r_0,0.9939231872558594,0.8623995853848146,0.7580865603644646,0.7643546164446486,0.9892984542211652
463,pexels-photo-793987_0,1.0,0.0,0.0,0.0,0.0
464,pexels-photo-793988_0,0.998077392578125,0.9744214372716199,0.9501187648456056,0.9968847352024922,0.9529481834425253
465,pexels-photo-794063_0,0.9625663757324219,0.9412257952455962,0.8889768857411158,0.9982087276884964,0.89039729846112
466,pexels-photo-795766_0,0.9940567016601562,0.9889745948623593,0.9781896575860235,0.992359473968245,0.9856127285037237
467,pexels-photo-795768_0,0.9885635375976562,0.9783874967559618,0.9576894308254654,0.9989548064183719,0.958650015539796
468,pexels-photo-796006_0,0.9973335266113281,0.9959440875937822,0.9919209431345354,0.9962967262595774,0.9955916984721755
469,pexels-photo-796009_0,0.9960060119628906,0.9929965149802337,0.9860904453183122,0.9898118390697302,0.9962017501476351
470,pexels-photo-798731_0,0.9884300231933594,0.9891319537758666,0.9784975966651069,0.9931354560172693,0.9851605995717345
471,pexels-photo-799255_0,0.7667999267578125,0.864454131430624,0.7612674708769902,0.9999897403803241,0.761273416722967
472,pexels-photo-799754_0,0.9756355285644531,0.9685494950290771,0.9390169381480703,0.9663178580201425,0.9707914634868616
473,pexels-photo-799764_0,0.9946098327636719,0.9340058848255569,0.8761829652996845,0.9006485317960727,0.9699291880880784
474,pexels-photo-799880_xrrRXh7xnC_0,0.995269775390625,0.964020427112349,0.9305399955187094,0.9539998851432837,0.9742537094598557
475,pexels-photo-799925_0,0.9625587463378906,0.9528258811202592,0.909902053480452,0.9432016062269842,0.9626485898531583
476,pexels-photo-802038_0,0.9961395263671875,0.0,0.0,0.0,0.0
477,pexels-photo-803773_0,0.9947853088378906,0.9753715881452122,0.9519271346180898,0.9934307105108632,0.9579573203100117
478,pexels-photo-803920_0,0.990997314453125,0.9827136620667428,0.9660148037210909,0.9673381689186266,0.9985858255057535
479,pexels-photo-804567_0,0.9297904968261719,0.9408615797878664,0.8883273062641069,0.8905860311203572,0.9971530733866848
480,pexels-photo-804568_0,0.9817924499511719,0.9618681643511675,0.9265375854214123,0.9838045432260173,0.9408887013332083
481,pexels-photo-804575_0,0.9791145324707031,0.975549849279893,0.9522667829119442,0.964450645027417,0.9869074940817175
482,pexels-photo-805312_0,0.9541816711425781,0.944744239111933,0.8952751305682224,0.9035232832353666,0.9899061960723823
483,pexels-photo-807005_DqQvXdvrZe_0,0.9922294616699219,0.9908684601005052,0.9819021811558793,0.9932327380898887,0.9885154111733243
484,pexels-photo-808964_0,0.7835884094238281,0.8151139181926914,0.6879259793054509,0.6923323921829153,0.9908329569854135
485,pexels-photo-809609_0,0.954376220703125,0.6875163296232429,0.5238284827009595,0.5286271043432842,0.9829660067239447
486,pexels-photo-813879_0,0.9900054931640625,0.9830504088603664,0.9666658184686633,0.9889749430523918,0.9771964347725431
487,pexels-photo-813957_0,0.9902114868164062,0.9269237341231418,0.8638004246284501,0.9799482146082977,0.8793429513157184
488,pexels-photo-813961_0,0.7135047912597656,0.715563113304373,0.5571025876913641,0.9999788294820633,0.5571091584596332
489,pexels-photo-815465_0,0.9797134399414062,0.9739441450269477,0.9492116245976946,0.9595022493387138,0.9888274270250911
490,pexels-photo-818252_0,0.9952659606933594,0.9489237354405893,0.902811496593312,0.916083916083916,0.9842055835396568
491,pexels-photo-818992_0,0.9865379333496094,0.9721584498986218,0.9458252099292305,0.9566486553630209,0.9881794415307382
492,pexels-photo-819469_lL85Tm7Hga_0,0.980712890625,0.978170765404808,0.9572742022714981,0.9611892680774518,0.9957630843339603
493,pexels-photo-819482_0,0.9957427978515625,0.9957259392593159,0.9914882582200087,0.9939292458961243,0.9975291400333028
494,pexels-photo-821026_0,0.9399757385253906,0.8843856310479872,0.7927341702122054,0.794335040388575,0.9974641584486617
495,pexels-photo-821381_0,0.9921302795410156,0.9928327988910468,0.985767604224876,0.9931951038111589,0.9924707582029839
496,pexels-photo-821382_0,0.9730339050292969,0.97124657818417,0.9441004594374461,0.9544862211491569,0.988606064620837
497,pexels-photo-821408_0,0.9629020690917969,0.9738326960798822,0.9489999265808712,0.980074740034662,0.9676696594245136
498,pexels-photo-821529_0,0.9889068603515625,0.9913512613239589,0.9828508412405423,0.9891683680736907,0.9935438102845969
499,pexels-photo-823221_0,0.9945831298828125,0.9882594172702318,0.9767913179916318,0.992790458154756,0.9837695473251029
500,pexels-photo-823724_0,0.9901885986328125,0.9901459714187196,0.9804842515801534,0.988449387664558,0.9918483892509269
501,pexels-photo-823808_0,0.9908256530761719,0.9934404499224038,0.9869663944332143,0.9892824744284077,0.997633525061627
502,pexels-photo-824101_0,0.9931373596191406,0.9925509405524477,0.985212037516543,0.993995587918194,0.9911104863184182
503,pexels-photo-824111_0,0.99725341796875,0.9946829722185297,0.9894221869628455,0.9938316239946875,0.9955357802776095
504,pexels-photo-824544_0,0.9984512329101562,0.98985355125706,0.9799109351806037,0.99114158450528,0.9885688613787251
505,pexels-photo-825860_wyhja5jIzr_0,0.9840087890625,0.8841284758693129,0.7923210304681695,0.8491106981683036,0.9221587960560457
506,pexels-photo-826380_0,0.9911613464355469,0.9903741893671559,0.9809319244189875,0.9941118089090166,0.9866645696405808
507,pexels-photo-831424_0,0.964630126953125,0.966622749231445,0.935401614959626,0.9943270605138231,0.940420405275729
508,pexels-photo-831479_0,0.9905624389648438,0.9923831456315463,0.9848814470789538,0.997820676333288,0.9870045563666651
509,pexels-photo-831993_0,0.995330810546875,0.9963268172351497,0.9926805202571386,0.9938691812602903,0.99879663780603
510,pexels-photo-833187_tIvBBw0xf2_0,0.9732170104980469,0.9799723303809564,0.960731124820323,0.9956065611777661,0.9648215238576684
511,pexels-photo-835517_0,0.9853858947753906,0.963592302209551,0.9297425176056338,0.9939224028074578,0.9350584676675643
512,pexels-photo-836021_0,0.9768218994140625,0.9713106626500335,0.944221571453489,0.9938641414629433,0.949758070473517
513,pexels-photo-838561_hVnzkbpOyl_0,0.9947090148925781,0.9961255359861447,0.9922809790412164,0.9945835889998327,0.9976722714937191
514,pexels-photo-839604_0,0.9696388244628906,0.9787911007362758,0.9584631522913373,0.9952204447912603,0.9628953866964468
515,pexels-photo-840727_0,0.906707763671875,0.8433733396523677,0.7291664359516716,0.7302500970443077,0.9979689891932036
516,pexels-photo-842304_0,0.9916610717773438,0.9856651977756794,0.9717355606987238,0.9883353935982746,0.983009391267952
517,pexels-photo-842912_0,0.9832649230957031,0.981499833426811,0.9636717456111296,0.9893728267430689,0.9737511505313363
518,pexels-photo-843021_0,0.9974861145019531,0.9930029835532952,0.9861032032222011,0.9971426134425111,0.9888975828451795
519,pexels-photo-848203_0,0.9419479370117188,0.9316131003738854,0.8719810217627215,0.8937008552903849,0.9728844421084247
520,pexels-photo-850804_0,0.989013671875,0.9745713327093892,0.9504038299264668,0.9651294965286886,0.9841997325011146
521,pexels-photo-851949_aPrRWIGMcv_0,0.985565185546875,0.9840079791055626,0.9685193966772323,0.9837252731467007,0.98429084760093
522,pexels-photo-853166_0,0.9964523315429688,0.9625271980014506,0.9277613795246232,0.9724008792640234,0.9528520143597926
523,pexels-photo-858117_0,0.9581947326660156,0.9680498421296606,0.938078098778965,0.9917208257669884,0.9454825023491558
524,pexels-photo-859192_0,0.6241874694824219,0.6171584457372022,0.4462972954744722,0.446719098089516,0.9978887841658812
525,pexels-photo-859204_0,0.8056449890136719,0.7693978881048615,0.6252206791031601,0.6291917741290733,0.9900061733428069
526,pexels-photo-859264_0,0.9656333923339844,0.9606540623403167,0.9242871189773845,0.9934690116799003,0.929937598295368
527,pexels-photo-863969_0,0.9923477172851562,0.9917025148908009,0.9835415931672178,0.9845432370502386,0.998966675277706
528,pexels-photo-864000_0,0.9971923828125,0.9958822871209577,0.9917983462969979,0.9971542529353769,0.9946135622010639
529,pexels-photo-864925_0,0.9934043884277344,0.9877597253194577,0.9758154758574386,0.9890270354565689,0.9864956588138805
530,pexels-photo-865773_0,0.99920654296875,0.9972405741728355,0.9944963353001879,0.9975052416465405,0.9969760471100029
531,pexels-photo-865924_0,0.9990005493164062,0.9935944452594004,0.987270430473229,0.9904464807954767,0.9967624840576866
532,pexels-photo-866381_0,0.97418212890625,0.9097768416562243,0.8344868063877137,0.8735376187184805,0.9491530138243721
533,pexels-photo-867526_0,0.9788742065429688,0.9874679797604932,0.975246174957425,0.9973077239525721,0.9778205024783314
534,pexels-photo-867527_0,0.9868011474609375,0.9886288944393322,0.9775134854097615,0.9925039262006256,0.9847840035617479
535,pexels-photo-867846_0,0.9924507141113281,0.9937817940733805,0.9876404424209494,0.9977035279866754,0.989890770241933
536,pexels-photo-868097_0,0.992401123046875,0.982778594276822,0.9661403001818769,0.9968081934725803,0.9691384337328854
537,pexels-photo-869516_0,0.974151611328125,0.9791204456934377,0.9590949701784464,0.9788851715618319,0.9793558329480659
538,pexels-photo-872593_0,0.9911308288574219,0.9798776213184701,0.9605490888112126,0.9873031375900378,0.9725629660172491
539,pexels-photo-874283_0,0.9292373657226562,0.774111056989771,0.631469156650442,0.7450598907667425,0.8055196533110317
540,pexels-photo-87491_XahHSp6WpS_0,0.9947509765625,0.9917050469002435,0.9835465741958628,0.9886298076923077,0.9947994775289052
541,pexels-photo-878717_0,0.9930076599121094,0.9903282485845896,0.9808417906079832,0.9851043952006551,0.9956077998684462
542,pexels-photo-878787_0,0.9927330017089844,0.9945794599947075,0.9892173676792719,0.9909898671444853,0.9981951520413059
543,pexels-photo-881622_0,0.9659461975097656,0.9798767856056012,0.9605474826757178,0.9991679155595193,0.9613164610709847
544,pexels-photo-883441_0,0.9871597290039062,0.9889357841590407,0.9781137228128353,0.9981023786617125,0.9799360298093271
545,pexels-photo-89113_0,0.9875106811523438,0.9254248098036536,0.861200610479905,0.8873454767832962,0.9669189395021182
546,pexels-photo-93832_0,0.9986648559570312,0.0,0.0,0.0,0.0
547,pexels-photo-94693_0,0.99566650390625,0.927244780325349,0.8643582089552239,0.9321400978624774,0.9224006116207951
548,portrait-smile-happy-faces-smiling-157961_0,0.9775390625,0.9868974449127461,0.9741338030953333,0.9949075735821967,0.9790152672429778
549,portrait-sunset-beauty-young-women_0,0.8641929626464844,0.8621457419332356,0.7576943495365014,0.7647891291056106,0.9879046571063467
550,portrait-woman-girl-blond-157967_0,0.9694671630859375,0.9738390335738939,0.9490119634598478,0.9998523450293968,0.9491449833074237
551,road-people-street-smartphone_0,0.8770980834960938,0.7219566080397674,0.5648920941036653,0.8749529347780614,0.6145031439149086
552,sandboarding-sand-board-sand-dune-73829_0,0.9827880859375,0.9248200479872034,0.8601537317133647,0.8790902467610631,0.9755686012584807
553,sea-man-beach-holiday_0,0.9888343811035156,0.9906031391358227,0.9813812362044947,0.9924479267178715,0.9887651971057404
554,sea-sky-man-beach_0,0.9981269836425781,0.9693412425850765,0.9405064824912153,0.9709782336752565,0.967709761875078
555,sea-woman-legs-water_0,0.965576171875,0.9716492092316006,0.9448616347205504,0.982745691189181,0.9608005169435712
556,skateboard-child-boy-sunset-53968_0,0.9971771240234375,0.9901304382618902,0.9804537890594046,0.9900248046301976,0.9902360944377752
557,skydiving-jump-falling-parachuting-37656_0,0.9652824401855469,0.9576758699908386,0.9187889279531705,0.9379042101619574,0.978299081226425
558,smile-portrait-beauty-girl-99568_yANUQ0VbAI_0,0.9927940368652344,0.9874183256848652,0.9751493145999421,0.9877670135788814,0.9870698838819644
559,socks-feet-pajamas-table-85842_0,0.9160232543945312,0.921603680859247,0.8546057367791875,0.8680324954550638,0.982222154747717
560,sunglasses-summer-pretty-young-woman-happy-37523_0,0.9133262634277344,0.941676271347419,0.8897809298354549,0.8942272534479985,0.9944428782095767
561,wedding-dresses-character-fashion-individuality-157997_0,0.954071044921875,0.9614680543287633,0.9257953578956452,0.9748205640712811,0.9484763913268592
562,woman-girl-boat-blonde-5853_0,0.9897308349609375,0.9845363785715106,0.9695437215038071,0.9817504868828044,0.98733812618093
563,woman-pretty-hot-erotic-39700_0,0.6624641418457031,0.7442931743504232,0.5927284610923418,0.9807542916330292,0.5997038154714504
564,woman-snow-winter-portrait-40503_0,0.9640541076660156,0.971151991623883,0.9439217296602453,0.9541082417483262,0.988815740255854
565,young-girl-ballerina-dance-591679_0,0.9936790466308594,0.9872291886642671,0.9747804514253535,0.9864613015017327,0.9879982722448476
566,young-woman-pretty-shooting-157717_0,0.9400901794433594,0.9491782111895309,0.9032722972598437,0.9233471633728507,0.9764961248568461
